Workbook

Sheet Dashboard
C1: Dashboard Keuangan Bulanan
A5: Bulan | L5: Total | M5: Nominal
A6: 45658 | L6: Pemasukan | M6: =IFERROR(__xludf.DUMMYFUNCTION("IFERROR(SUM(FILTER(Budgeting!K2:K1000, Budgeting!K2:K1000<>"""")), 0) "),9270000.0) -> 9270000 | P6: Total Pemasukan Per Kategori | Q6: Nominal | R6: Persentase
L7: Pengeluaran | M7: =SUM(Budgeting!E2:E1000) -> 8646900 | P7: Gaji | Q7: =SUMPRODUCT(Budgeting!$K$3:K1000,Budgeting!$L$3:L1000=P7) -> 4150000 | R7: =Q7/$M$7 -> 0.47994079
B8: Pemasukan | E8: Pengeluaran | H8: Sisa Uang | L8: Sisa Uang | M8: =M6-M7 -> 623100 | P8: Tunjangan | Q8: =SUMPRODUCT(Budgeting!$K$3:K1000,Budgeting!$L$3:L1000=P8) -> 3450000 | R8: =Q8/$M$7 -> 0.39898692
B9: =sumifs(Rangkuman!H:H, Rangkuman!F:F,A6) -> 5000000 | E9: =sumifs(Rangkuman!G:G, Rangkuman!F:F,A6) -> 5858900 | H9: =B9-E9 -> -858900 | L9: Total Pengeluaran Per Kategori | M9: Nominal | N9: Persentase | P9: Bonus | Q9: =SUMPRODUCT(Budgeting!$K$3:K1000,Budgeting!$L$3:L1000=P9) -> 620000 | R9: =Q9/$M$7 -> 0.071701997
L10: Tabungan | M10: =SUMPRODUCT(Budgeting!$E$3:E1000,Budgeting!$F$3:F1000=L10) -> 1208900 | N10: =M10/$M$7 -> 0.13980733 | P10: Hadiah | Q10: =SUMPRODUCT(Budgeting!$K$3:K1000,Budgeting!$L$3:L1000=P10) -> 350000 | R10: =Q10/$M$7 -> 0.040476934
D11: ALOKASI PENGELUARAN | L11: Kebutuhan | M11: =SUMPRODUCT(Budgeting!$E$3:E1000,Budgeting!$F$3:F1000=L11) -> 5710000 | N11: =M11/$M$7 -> 0.66035226 | P11: Penjualan | Q11: =SUMPRODUCT(Budgeting!$K$3:K1000,Budgeting!$L$3:L1000=P11) -> 350000 | R11: =Q11/$M$7 -> 0.040476934
L12: Keinginan | M12: =SUMPRODUCT(Budgeting!$E$3:E1000,Budgeting!$F$3:F1000=L12) -> 1728000 | N12: =M12/$M$7 -> 0.19984041 | P12: Sewa | Q12: =SUMPRODUCT(Budgeting!$K$3:K1000,Budgeting!$L$3:L1000=P12) -> 350000 | R12: =Q12/$M$7 -> 0.040476934
B13: Tabungan | E13: Kebutuhan | H13: Keinginan
B14: =SUMIFS(Budgeting!E:E, Budgeting!F:F, "Tabungan", Budgeting!H:H, $A$6) -> 1108900 | E14: =SUMIFS(Budgeting!E:E, Budgeting!F:F, "Kebutuhan", Budgeting!H:H, $A$6) -> 3810000 | H14: =SUMIFS(Budgeting!E:E, Budgeting!F:F, "Keinginan", Budgeting!H:H, $A$6) -> 940000
D16: ALOKASI PEMASUKAN
B18: Gaji | E18: Tunjangan | H18: Bonus
B19: =SUMIFS(Budgeting!K:K, Budgeting!L:L, "Gaji", Budgeting!N:N, $A$6) -> 2150000 | E19: =SUMIFS(Budgeting!K:K, Budgeting!L:L, "Tunjangan", Budgeting!N:N, $A$6) -> 1500000 | H19: =SUMIFS(Budgeting!K:K, Budgeting!L:L, "Bonus", Budgeting!N:N, $A$6) -> 300000 | L19: Forecast Pengeluaran Satu Hari Kedepan | M19: {=AVERAGE( INDEX(Rangkuman!R:R, MATCH(1E+100, Rangkuman!R:R)-1), INDEX(Rangkuman!R:R, MATCH(1E+100, Rangkuman!R:R)) )} -> 404450
L20: MA3 | M20: {=AVERAGE( INDEX(Rangkuman!R:R, MATCH(1E+100, Rangkuman!R:R)-2), INDEX(Rangkuman!R:R, MATCH(1E+100, Rangkuman!R:R)-1), INDEX(Rangkuman!R:R, MATCH(1E+100, Rangkuman!R:R)) )} -> 289633.33
B21: Hadiah | E21: Penjualan | H21: Sewa | L21: MA5 | M21: {=AVERAGE( INDEX(Rangkuman!R:R, MATCH(1E+100, Rangkuman!R:R)-4), INDEX(Rangkuman!R:R, MATCH(1E+100, Rangkuman!R:R)-3), INDEX(Rangkuman!R:R, MATCH(1E+100, Rangkuman!R:R)-2), INDEX(Rangkuman!R:R, MATCH(1E+100, Rangkuman!R:R)-1), INDEX(Rangkuman!R:R, MATCH(1E+100, Rangkuman!R:R)) )} -> 209780
B22: =SUMIFS(Budgeting!K:K, Budgeting!L:L, "Hadiah", Budgeting!N:N, $A$6) -> 350000 | E22: =SUMIFS(Budgeting!K:K, Budgeting!L:L, "Penjualan", Budgeting!N:N, $A$6) -> 350000 | H22: =SUMIFS(Budgeting!K:K, Budgeting!L:L, "Sewa", Budgeting!N:N, $A$6) -> 350000
A24: =IF(E9>B9,"Pengeluaran sudah melebihi pemasukan!", IF(E9>=0.9*B9,"Pengeluaran hampir mencapai total pemasukan. Coba lebih hemat!", "Keuangan dalam kondisi aman.")) -> Pengeluaran sudah melebihi pemasukan!
L25: Forecast Pemasukan Satu Hari Kedepan | M25: {=AVERAGE( INDEX(Rangkuman!S:S, MATCH(1E+100, Rangkuman!S:S)-1), INDEX(Rangkuman!S:S, MATCH(1E+100, Rangkuman!S:S)) )} -> 0
L26: MA3 | M26: {=AVERAGE( INDEX(Rangkuman!S:S, MATCH(1E+100, Rangkuman!S:S)-2), INDEX(Rangkuman!S:S, MATCH(1E+100, Rangkuman!S:S)-1), INDEX(Rangkuman!S:S, MATCH(1E+100, Rangkuman!S:S)) )} -> 0
L27: MA5 | M27: {=AVERAGE( INDEX(Rangkuman!S:S, MATCH(1E+100, Rangkuman!S:S)-4), INDEX(Rangkuman!S:S, MATCH(1E+100, Rangkuman!S:S)-3), INDEX(Rangkuman!S:S, MATCH(1E+100, Rangkuman!S:S)-2), INDEX(Rangkuman!S:S, MATCH(1E+100, Rangkuman!S:S)-1), INDEX(Rangkuman!S:S, MATCH(1E+100, Rangkuman!S:S)) )} -> 0
A42: =IF(AND(L19 > L20, L20 > L21), "Pengeluaran harian kamu terus naik. Sebaiknya mulai mengontrol pengeluaran dan sisihkan uang lebih.", IF(AND(L19 < L20, L20 < L21), "Pengeluaran kamu menurun dari hari ke hari. Pertahankan kebiasaan baik ini.", IF(L19 > L20, "Pengeluaran hari ini lebih besar dari rata-rata sebelumnya. Coba cek kembali apa yang meningkat.", IF(L19 < L20, "Pengeluaran hari ini lebih rendah dari biasanya. Ini waktu yang tepat untuk menabung lebih banyak.", "Pengeluaran stabil. Pertahankan pengelolaan keuangan seperti sekarang.")))) -> Pengeluaran kamu menurun dari hari ke hari. Pertahankan kebiasaan baik ini.
A44: =IF(AND(L25 > L26, L26 > L27), "Pemasukan kamu sedang meningkat secara konsisten. Pertahankan performa ini dan manfaatkan momentum untuk menambah sumber pemasukan.", IF(AND(L25 < L26, L26 < L27), "Pemasukan kamu menurun dari hari ke hari. Coba evaluasi penyebab penurunan dan cari peluang untuk meningkatkannya kembali.", IF(L25 > L26, "Pemasukan terbaru kamu lebih tinggi dari biasanya. Ini waktu yang baik untuk memperkuat strategi pemasukan.", IF(L25 < L26, "Pemasukan terbaru kamu lebih rendah dari rata-rata sebelumnya. Perlu diwaspadai dan mungkin perlu langkah perbaikan.", "Pemasukan kamu stabil. Pertahankan konsistensinya dan tetap cari peluang peningkatan.")))) -> Pemasukan kamu menurun dari hari ke hari. Coba evaluasi penyebab penurunan dan cari peluang untuk meningkatkannya kembali.

Sheet Budgeting
A1: Pengeluaran | J1: Pemasukan
A2: Tanggal | B2: Alokasi Pengeluaran | E2: Nominal | F2: Kategori | G2: Persentase | H2: Bulan | J2: Tanggal | K2: Nominal | L2: Kategori | M2: Persentase | N2: Bulan
A3: 45658 | B3: Tabungan utama | E3: 100000 | F3: Tabungan | G3: =E3/Dashboard!$M$7 -> 0.011564838 | H3: =IF(A3<>"", TEXT(A3, "mmmm yyyy"), "") -> January 2025 | J3: 45658 | K3: 850000 | L3: Gaji | M3: =K3/Dashboard!$M$7 -> 0.098301125 | N3: =IF(J3<>"", TEXT(J3, "mmmm yyyy"), "") -> January 2025
A4: 45659 | B4: Biaya makan bulanan | E4: 1000000 | F4: Kebutuhan | G4: =E4/Dashboard!$M$7 -> 0.11564838 | H4: =IF(A4<>"", TEXT(A4, "mmmm yyyy"), "") -> January 2025 | J4: 45659 | K4: 1300000 | L4: Gaji | M4: =K4/Dashboard!$M$7 -> 0.1503429 | N4: =IF(J4<>"", TEXT(J4, "mmmm yyyy"), "") -> January 2025
A5: 45660 | B5: Sewa kost | E5: 1300000 | F5: Kebutuhan | G5: =E5/Dashboard!$M$7 -> 0.1503429 | H5: =IF(A5<>"", TEXT(A5, "mmmm yyyy"), "") -> January 2025 | J5: 45660 | K5: 1000000 | L5: Tunjangan | M5: =K5/Dashboard!$M$7 -> 0.11564838 | N5: =IF(J5<>"", TEXT(J5, "mmmm yyyy"), "") -> January 2025
A6: 45661 | B6: Kebutuhan personal | E6: 300000 | F6: Kebutuhan | G6: =E6/Dashboard!$M$7 -> 0.034694515 | H6: =IF(A6<>"", TEXT(A6, "mmmm yyyy"), "") -> January 2025 | J6: 45661 | K6: 300000 | L6: Bonus | M6: =K6/Dashboard!$M$7 -> 0.034694515 | N6: =IF(J6<>"", TEXT(J6, "mmmm yyyy"), "") -> January 2025
A7: 45662 | B7: Simpanan dana darurat | E7: 350000 | F7: Tabungan | G7: =E7/Dashboard!$M$7 -> 0.040476934 | H7: =IF(A7<>"", TEXT(A7, "mmmm yyyy"), "") -> January 2025 | J7: 45662 | K7: 350000 | L7: Hadiah | M7: =K7/Dashboard!$M$7 -> 0.040476934 | N7: =IF(J7<>"", TEXT(J7, "mmmm yyyy"), "") -> January 2025
A8: 45663 | B8: Jajan | E8: 350000 | F8: Keinginan | G8: =E8/Dashboard!$M$7 -> 0.040476934 | H8: =IF(A8<>"", TEXT(A8, "mmmm yyyy"), "") -> January 2025 | J8: 45663 | K8: 350000 | L8: Penjualan | M8: =K8/Dashboard!$M$7 -> 0.040476934 | N8: =IF(J8<>"", TEXT(J8, "mmmm yyyy"), "") -> January 2025
A9: 45664 | B9: Untuk orang tua | E9: 500000 | F9: Keinginan | G9: =E9/Dashboard!$M$7 -> 0.057824191 | H9: =IF(A9<>"", TEXT(A9, "mmmm yyyy"), "") -> January 2025 | J9: 45664 | K9: 500000 | L9: Tunjangan | M9: =K9/Dashboard!$M$7 -> 0.057824191 | N9: =IF(J9<>"", TEXT(J9, "mmmm yyyy"), "") -> January 2025
A10: 45665 | B10: Biaya transport bulanan | E10: 350000 | F10: Kebutuhan | G10: =E10/Dashboard!$M$7 -> 0.040476934 | H10: =IF(A10<>"", TEXT(A10, "mmmm yyyy"), "") -> January 2025 | J10: 45665 | K10: 350000 | L10: Sewa | M10: =K10/Dashboard!$M$7 -> 0.040476934 | N10: =IF(J10<>"", TEXT(J10, "mmmm yyyy"), "") -> January 2025
A11: 45667 | B11: Apa Aja | E11: 60000 | F11: Kebutuhan | G11: =E11/Dashboard!$M$7 -> 0.006938903 | H11: =IF(A11<>"", TEXT(A11, "mmmm yyyy"), "") -> January 2025 | J11: 45689 | K11: 2000000 | L11: Gaji | M11: =K11/Dashboard!$M$7 -> 0.23129677 | N11: =IF(J11<>"", TEXT(J11, "mmmm yyyy"), "") -> February 2025
A12: 45668 | E12: 500000 | F12: Tabungan | G12: =E12/Dashboard!$M$7 -> 0.057824191 | H12: =IF(A12<>"", TEXT(A12, "mmmm yyyy"), "") -> January 2025 | J12: 45690 | K12: 1000000 | L12: Tunjangan | M12: =K12/Dashboard!$M$7 -> 0.11564838 | N12: =IF(J12<>"", TEXT(J12, "mmmm yyyy"), "") -> February 2025
A13: 45670 | B13: Apa AJa | E13: 90000 | F13: Keinginan | G13: =E13/Dashboard!$M$7 -> 0.010408354 | H13: =IF(A13<>"", TEXT(A13, "mmmm yyyy"), "") -> January 2025 | J13: 45696 | K13: 70000 | L13: Bonus | M13: =K13/Dashboard!$M$7 -> 0.0080953868 | N13: =IF(J13<>"", TEXT(J13, "mmmm yyyy"), "") -> February 2025
A14: 45671 | B14: apa aja | E14: 90000 | F14: Tabungan | G14: =E14/Dashboard!$M$7 -> 0.010408354 | H14: =IF(A14<>"", TEXT(A14, "mmmm yyyy"), "") -> January 2025 | J14: 45698 | K14: 250000 | L14: Bonus | M14: =K14/Dashboard!$M$7 -> 0.028912096 | N14: =IF(J14<>"", TEXT(J14, "mmmm yyyy"), "") -> February 2025
A15: 45673 | B15: apa aja | E15: 60000 | F15: Tabungan | G15: =E15/Dashboard!$M$7 -> 0.006938903 | H15: =IF(A15<>"", TEXT(A15, "mmmm yyyy"), "") -> January 2025 | J15: 45711 | K15: 950000 | L15: Tunjangan | M15: =K15/Dashboard!$M$7 -> 0.10986596 | N15: =IF(J15<>"", TEXT(J15, "mmmm yyyy"), "") -> February 2025
A16: 45675 | B16: apa aja | E16: 800000 | F16: Kebutuhan | G16: =E16/Dashboard!$M$7 -> 0.092518706 | H16: =IF(A16<>"", TEXT(A16, "mmmm yyyy"), "") -> January 2025 | M16: =K16/Dashboard!$M$7 -> 0 | N16: =IF(J16<>"", TEXT(J16, "mmmm yyyy"), "")
A17: 45680 | E17: 8900 | F17: Tabungan | G17: =E17/Dashboard!$M$7 -> 0.0010292706 | H17: =IF(A17<>"", TEXT(A17, "mmmm yyyy"), "") -> January 2025 | M17: =K17/Dashboard!$M$7 -> 0 | N17: =IF(J17<>"", TEXT(J17, "mmmm yyyy"), "")
A18: 45689 | B18: Tabungan utama | E18: 100000 | F18: Tabungan | G18: =E18/Dashboard!$M$7 -> 0.011564838 | H18: =IF(A18<>"", TEXT(A18, "mmmm yyyy"), "") -> February 2025 | M18: =K18/Dashboard!$M$7 -> 0 | N18: =IF(J18<>"", TEXT(J18, "mmmm yyyy"), "")
A19: 45690 | B19: Beli sepatu | E19: 780000 | F19: Keinginan | G19: =E19/Dashboard!$M$7 -> 0.090205738 | H19: =IF(A19<>"", TEXT(A19, "mmmm yyyy"), "") -> February 2025 | M19: =K19/Dashboard!$M$7 -> 0 | N19: =IF(J19<>"", TEXT(J19, "mmmm yyyy"), "")
A20: 45691 | B20: Biaya makan bulanan | E20: 1000000 | F20: Kebutuhan | G20: =E20/Dashboard!$M$7 -> 0.11564838 | H20: =IF(A20<>"", TEXT(A20, "mmmm yyyy"), "") -> February 2025 | M20: =K20/Dashboard!$M$7 -> 0 | N20: =IF(J20<>"", TEXT(J20, "mmmm yyyy"), "")
A21: 45702 | B21: Servis kendaraan | E21: 400000 | F21: Kebutuhan | G21: =E21/Dashboard!$M$7 -> 0.046259353 | H21: =IF(A21<>"", TEXT(A21, "mmmm yyyy"), "") -> February 2025 | M21: =K21/Dashboard!$M$7 -> 0 | N21: =IF(J21<>"", TEXT(J21, "mmmm yyyy"), "")
A22: 45703 | B22: Apa aja | E22: 500000 | F22: Kebutuhan | G22: =E22/Dashboard!$M$7 -> 0.057824191 | H22: =IF(A22<>"", TEXT(A22, "mmmm yyyy"), "") -> February 2025 | M22: =K22/Dashboard!$M$7 -> 0 | N22: =IF(J22<>"", TEXT(J22, "mmmm yyyy"), "")
A23: 45732 | B23: apa aja | E23: 8000 | F23: Keinginan | G23: =E23/Dashboard!$M$7 -> 0.00092518706 | H23: =IF(A23<>"", TEXT(A23, "mmmm yyyy"), "") -> March 2025 | M23: =K23/Dashboard!$M$7 -> 0 | N23: =IF(J23<>"", TEXT(J23, "mmmm yyyy"), "")
G24: =E24/Dashboard!$M$7 -> 0 | H24: =IF(A24<>"", TEXT(A24, "mmmm yyyy"), "") | M24: =K24/Dashboard!$M$7 -> 0 | N24: =IF(J24<>"", TEXT(J24, "mmmm yyyy"), "")
G25: =E25/Dashboard!$M$7 -> 0 | H25: =IF(A25<>"", TEXT(A25, "mmmm yyyy"), "") | M25: =K25/Dashboard!$M$7 -> 0 | N25: =IF(J25<>"", TEXT(J25, "mmmm yyyy"), "")
G26: =E26/Dashboard!$M$7 -> 0 | H26: =IF(A26<>"", TEXT(A26, "mmmm yyyy"), "") | M26: =K26/Dashboard!$M$7 -> 0 | N26: =IF(J26<>"", TEXT(J26, "mmmm yyyy"), "")
G27: =E27/Dashboard!$M$7 -> 0 | H27: =IF(A27<>"", TEXT(A27, "mmmm yyyy"), "") | M27: =K27/Dashboard!$M$7 -> 0 | N27: =IF(J27<>"", TEXT(J27, "mmmm yyyy"), "")
G28: =E28/Dashboard!$M$7 -> 0 | H28: =IF(A28<>"", TEXT(A28, "mmmm yyyy"), "") | M28: =K28/Dashboard!$M$7 -> 0 | N28: =IF(J28<>"", TEXT(J28, "mmmm yyyy"), "")
G29: =E29/Dashboard!$M$7 -> 0 | H29: =IF(A29<>"", TEXT(A29, "mmmm yyyy"), "") | M29: =K29/Dashboard!$M$7 -> 0 | N29: =IF(J29<>"", TEXT(J29, "mmmm yyyy"), "")
G30: =E30/Dashboard!$M$7 -> 0 | H30: =IF(A30<>"", TEXT(A30, "mmmm yyyy"), "") | M30: =K30/Dashboard!$M$7 -> 0 | N30: =IF(J30<>"", TEXT(J30, "mmmm yyyy"), "")
G31: =E31/Dashboard!$M$7 -> 0 | H31: =IF(A31<>"", TEXT(A31, "mmmm yyyy"), "") | M31: =K31/Dashboard!$M$7 -> 0 | N31: =IF(J31<>"", TEXT(J31, "mmmm yyyy"), "")
G32: =E32/Dashboard!$M$7 -> 0 | H32: =IF(A32<>"", TEXT(A32, "mmmm yyyy"), "") | M32: =K32/Dashboard!$M$7 -> 0 | N32: =IF(J32<>"", TEXT(J32, "mmmm yyyy"), "")
G33: =E33/Dashboard!$M$7 -> 0 | H33: =IF(A33<>"", TEXT(A33, "mmmm yyyy"), "") | M33: =K33/Dashboard!$M$7 -> 0 | N33: =IF(J33<>"", TEXT(J33, "mmmm yyyy"), "")
G34: =E34/Dashboard!$M$7 -> 0 | H34: =IF(A34<>"", TEXT(A34, "mmmm yyyy"), "") | M34: =K34/Dashboard!$M$7 -> 0 | N34: =IF(J34<>"", TEXT(J34, "mmmm yyyy"), "")
G35: =E35/Dashboard!$M$7 -> 0 | H35: =IF(A35<>"", TEXT(A35, "mmmm yyyy"), "") | M35: =K35/Dashboard!$M$7 -> 0 | N35: =IF(J35<>"", TEXT(J35, "mmmm yyyy"), "")
... G210: =E210/Dashboard!$M$7 -> 0 | H210: =IF(A210<>"", TEXT(A210, "mmmm yyyy"), "") | M210: =K210/Dashboard!$M$7 -> 0 | N210: =IF(J210<>"", TEXT(J210, "mmmm yyyy"), "")

Sheet Rangkuman
A1: Tanggal | B1: Pengeluaran | C1: Pemasukan | G1: Pengeluaran | H1: Pemasukan | I1: Pemasukan | K1: Kategori | L1: Nominal | N1: Kategori | O1: Nominal | Q1: Bulan | R1: Pengeluaran | S1: Pemasukan
A2: {=SORT(UNIQUE({Budgeting!A3:A1000; Budgeting!J3:J1000}))} -> 45658 | B2: {=IF(A2:A1000="",,SUMIF(Budgeting!A3:A1000, A2:A1000, Budgeting!E3:E1000))} -> 100000 | C2: {=IF(A2:A1000="",,SUMIF(Budgeting!J3:J1000, A2:A1000, Budgeting!K3:K1000))} -> 850000 | F2: =IFERROR(__xludf.DUMMYFUNCTION("SORT( UNIQUE( FILTER(TEXT(A2:A1000,""mmmm yyyy""), A2:A1000<>"""") ), MATCH(UNIQUE(FILTER(TEXT(A2:A1000,""mmmm yyyy""), A2:A1000<>"""")), TEXT(SORT(UNIQUE(A2:A1000)), ""mmmm yyyy""), 0), TRUE ) "),"January 2025") -> January 2025 | G2: {=IF(F2:F1000="",,SUMIF(TEXT(A:A,"mmmm yyyy"), F2:F1000, B:B))} -> 5858900 | H2: {=IF(F2:F1000="",,SUMIF(TEXT(A:A,"mmmm yyyy"), F2:F1000, C:C))} -> 5000000 | K2: Tabungan | L2: =SUMIFS(Budgeting!E:E, Budgeting!F:F, "Tabungan", Budgeting!H:H, Dashboard!$A$6) -> 1108900 | N2: Gaji | O2: =SUMIFS(Budgeting!K:K, Budgeting!L:L, "Gaji", Budgeting!N:N, Dashboard!$A$6) -> 2150000 | Q2: {=IF(A2:A1000="",, TEXT(A2:A1000, "mmmm yyyy"))} -> January 2025 | R2: =IF(LOWER(TRIM($Q2)) = LOWER(TRIM(Dashboard!$A$6)), B2, "") -> 100000 | S2: =IF(LOWER(TRIM($Q2)) = LOWER(TRIM(Dashboard!$A$6)), C2, "") -> 850000 | T2: =IF(LOWER(TRIM(TEXT($Q2, "mmmm yyyy"))) = LOWER(TRIM(Dashboard!$A$6)), A2:A1000, "") -> 45658
A3: 45659 | B3: 1000000 | C3: 1300000 | F3: =IFERROR(__xludf.DUMMYFUNCTION("""COMPUTED_VALUE"""),"February 2025") -> February 2025 | G3: 2780000 | H3: 4270000 | K3: Kebutuhan | L3: =SUMIFS(Budgeting!E:E, Budgeting!F:F, "Kebutuhan", Budgeting!H:H, Dashboard!$A$6) -> 3810000 | N3: Tunjangan | O3: =SUMIFS(Budgeting!K:K, Budgeting!L:L, "Tunjangan", Budgeting!N:N, Dashboard!$A$6) -> 1500000 | Q3: January 2025 | R3: =IF(LOWER(TRIM($Q3)) = LOWER(TRIM(Dashboard!$A$6)), B3, "") -> 1000000 | S3: =IF(LOWER(TRIM($Q3)) = LOWER(TRIM(Dashboard!$A$6)), C3, "") -> 1300000 | T3: =IF(LOWER(TRIM(TEXT($Q3, "mmmm yyyy"))) = LOWER(TRIM(Dashboard!$A$6)), A3:A1000, "") -> 45659
A4: 45660 | B4: 1300000 | C4: 1000000 | F4: =IFERROR(__xludf.DUMMYFUNCTION("""COMPUTED_VALUE"""),"March 2025") -> March 2025 | G4: 8000 | H4: 0 | K4: Keinginan | L4: =SUMIFS(Budgeting!E:E, Budgeting!F:F, "Keinginan", Budgeting!H:H, Dashboard!$A$6) -> 940000 | N4: Bonus | O4: =SUMIFS(Budgeting!K:K, Budgeting!L:L, "Bonus", Budgeting!N:N, Dashboard!$A$6) -> 300000 | Q4: January 2025 | R4: =IF(LOWER(TRIM($Q4)) = LOWER(TRIM(Dashboard!$A$6)), B4, "") -> 1300000 | S4: =IF(LOWER(TRIM($Q4)) = LOWER(TRIM(Dashboard!$A$6)), C4, "") -> 1000000 | T4: =IF(LOWER(TRIM(TEXT($Q4, "mmmm yyyy"))) = LOWER(TRIM(Dashboard!$A$6)), A4:A1000, "") -> 45660
A5: 45661 | B5: 300000 | C5: 300000 | N5: Hadiah | O5: =SUMIFS(Budgeting!K:K, Budgeting!L:L, "Hadiah", Budgeting!N:N, Dashboard!$A$6) -> 350000 | Q5: January 2025 | R5: =IF(LOWER(TRIM($Q5)) = LOWER(TRIM(Dashboard!$A$6)), B5, "") -> 300000 | S5: =IF(LOWER(TRIM($Q5)) = LOWER(TRIM(Dashboard!$A$6)), C5, "") -> 300000 | T5: =IF(LOWER(TRIM(TEXT($Q5, "mmmm yyyy"))) = LOWER(TRIM(Dashboard!$A$6)), A5:A1000, "") -> 45661
A6: 45662 | B6: 350000 | C6: 350000 | N6: Penjualan | O6: =SUMIFS(Budgeting!K:K, Budgeting!L:L, "Penjualan", Budgeting!N:N, Dashboard!$A$6) -> 350000 | Q6: January 2025 | R6: =IF(LOWER(TRIM($Q6)) = LOWER(TRIM(Dashboard!$A$6)), B6, "") -> 350000 | S6: =IF(LOWER(TRIM($Q6)) = LOWER(TRIM(Dashboard!$A$6)), C6, "") -> 350000 | T6: =IF(LOWER(TRIM(TEXT($Q6, "mmmm yyyy"))) = LOWER(TRIM(Dashboard!$A$6)), A6:A1000, "") -> 45662
A7: 45663 | B7: 350000 | C7: 350000 | N7: Sewa | O7: =SUMIFS(Budgeting!K:K, Budgeting!L:L, "Sewa", Budgeting!N:N, Dashboard!$A$6) -> 350000 | Q7: January 2025 | R7: =IF(LOWER(TRIM($Q7)) = LOWER(TRIM(Dashboard!$A$6)), B7, "") -> 350000 | S7: =IF(LOWER(TRIM($Q7)) = LOWER(TRIM(Dashboard!$A$6)), C7, "") -> 350000 | T7: =IF(LOWER(TRIM(TEXT($Q7, "mmmm yyyy"))) = LOWER(TRIM(Dashboard!$A$6)), A7:A1000, "") -> 45663
A8: 45664 | B8: 500000 | C8: 500000 | Q8: January 2025 | R8: =IF(LOWER(TRIM($Q8)) = LOWER(TRIM(Dashboard!$A$6)), B8, "") -> 500000 | S8: =IF(LOWER(TRIM($Q8)) = LOWER(TRIM(Dashboard!$A$6)), C8, "") -> 500000 | T8: =IF(LOWER(TRIM(TEXT($Q8, "mmmm yyyy"))) = LOWER(TRIM(Dashboard!$A$6)), A8:A1000, "") -> 45664
A9: 45665 | B9: 350000 | C9: 350000 | Q9: January 2025 | R9: =IF(LOWER(TRIM($Q9)) = LOWER(TRIM(Dashboard!$A$6)), B9, "") -> 350000 | S9: =IF(LOWER(TRIM($Q9)) = LOWER(TRIM(Dashboard!$A$6)), C9, "") -> 350000 | T9: =IF(LOWER(TRIM(TEXT($Q9, "mmmm yyyy"))) = LOWER(TRIM(Dashboard!$A$6)), A9:A1000, "") -> 45665
A10: 45667 | B10: 60000 | C10: 0 | Q10: January 2025 | R10: =IF(LOWER(TRIM($Q10)) = LOWER(TRIM(Dashboard!$A$6)), B10, "") -> 60000 | S10: =IF(LOWER(TRIM($Q10)) = LOWER(TRIM(Dashboard!$A$6)), C10, "") -> 0 | T10: =IF(LOWER(TRIM(TEXT($Q10, "mmmm yyyy"))) = LOWER(TRIM(Dashboard!$A$6)), A10:A1000, "") -> 45667
A11: 45668 | B11: 500000 | C11: 0 | Q11: January 2025 | R11: =IF(LOWER(TRIM($Q11)) = LOWER(TRIM(Dashboard!$A$6)), B11, "") -> 500000 | S11: =IF(LOWER(TRIM($Q11)) = LOWER(TRIM(Dashboard!$A$6)), C11, "") -> 0 | T11: =IF(LOWER(TRIM(TEXT($Q11, "mmmm yyyy"))) = LOWER(TRIM(Dashboard!$A$6)), A11:A1000, "") -> 45668
A12: 45670 | B12: 90000 | C12: 0 | Q12: January 2025 | R12: =IF(LOWER(TRIM($Q12)) = LOWER(TRIM(Dashboard!$A$6)), B12, "") -> 90000 | S12: =IF(LOWER(TRIM($Q12)) = LOWER(TRIM(Dashboard!$A$6)), C12, "") -> 0 | T12: =IF(LOWER(TRIM(TEXT($Q12, "mmmm yyyy"))) = LOWER(TRIM(Dashboard!$A$6)), A12:A1000, "") -> 45670
A13: 45671 | B13: 90000 | C13: 0 | E13: {=IF(A13<>"", UNIQUE(TEXT(A13, "mmmm yyyy")), "")} -> January 2025 | Q13: January 2025 | R13: =IF(LOWER(TRIM($Q13)) = LOWER(TRIM(Dashboard!$A$6)), B13, "") -> 90000 | S13: =IF(LOWER(TRIM($Q13)) = LOWER(TRIM(Dashboard!$A$6)), C13, "") -> 0 | T13: =IF(LOWER(TRIM(TEXT($Q13, "mmmm yyyy"))) = LOWER(TRIM(Dashboard!$A$6)), A13:A1000, "") -> 45671
A14: 45673 | B14: 60000 | C14: 0 | E14: =IF(A14<>"", TEXT(A14, "mmmm yyyy"), "") -> January 2025 | Q14: January 2025 | R14: =IF(LOWER(TRIM($Q14)) = LOWER(TRIM(Dashboard!$A$6)), B14, "") -> 60000 | S14: =IF(LOWER(TRIM($Q14)) = LOWER(TRIM(Dashboard!$A$6)), C14, "") -> 0 | T14: =IF(LOWER(TRIM(TEXT($Q14, "mmmm yyyy"))) = LOWER(TRIM(Dashboard!$A$6)), A14:A1000, "") -> 45673
A15: 45675 | B15: 800000 | C15: 0 | E15: =IF(A15<>"", TEXT(A15, "mmmm yyyy"), "") -> January 2025 | J15: JANGAN DIUBAH !!!! | Q15: January 2025 | R15: =IF(LOWER(TRIM($Q15)) = LOWER(TRIM(Dashboard!$A$6)), B15, "") -> 800000 | S15: =IF(LOWER(TRIM($Q15)) = LOWER(TRIM(Dashboard!$A$6)), C15, "") -> 0 | T15: =IF(LOWER(TRIM(TEXT($Q15, "mmmm yyyy"))) = LOWER(TRIM(Dashboard!$A$6)), A15:A1000, "") -> 45675
A16: 45680 | B16: 8900 | C16: 0 | E16: =IF(A16<>"", TEXT(A16, "mmmm yyyy"), "") -> January 2025 | Q16: January 2025 | R16: =IF(LOWER(TRIM($Q16)) = LOWER(TRIM(Dashboard!$A$6)), B16, "") -> 8900 | S16: =IF(LOWER(TRIM($Q16)) = LOWER(TRIM(Dashboard!$A$6)), C16, "") -> 0 | T16: =IF(LOWER(TRIM(TEXT($Q16, "mmmm yyyy"))) = LOWER(TRIM(Dashboard!$A$6)), A16:A1000, "") -> 45680
A17: 45689 | B17: 100000 | C17: 2000000 | E17: =IF(A17<>"", TEXT(A17, "mmmm yyyy"), "") -> February 2025 | Q17: February 2025 | R17: =IF(LOWER(TRIM($Q17)) = LOWER(TRIM(Dashboard!$A$6)), B17, "") | S17: =IF(LOWER(TRIM($Q17)) = LOWER(TRIM(Dashboard!$A$6)), C17, "") | T17: =IF(LOWER(TRIM(TEXT($Q17, "mmmm yyyy"))) = LOWER(TRIM(Dashboard!$A$6)), A17:A1000, "")
A18: 45690 | B18: 780000 | C18: 1000000 | E18: =IF(A18<>"", TEXT(A18, "mmmm yyyy"), "") -> February 2025 | Q18: February 2025 | R18: =IF(LOWER(TRIM($Q18)) = LOWER(TRIM(Dashboard!$A$6)), B18, "") | S18: =IF(LOWER(TRIM($Q18)) = LOWER(TRIM(Dashboard!$A$6)), C18, "") | T18: =IF(LOWER(TRIM(TEXT($Q18, "mmmm yyyy"))) = LOWER(TRIM(Dashboard!$A$6)), A18:A1000, "")
A19: 45691 | B19: 1000000 | C19: 0 | E19: =IF(A19<>"", TEXT(A19, "mmmm yyyy"), "") -> February 2025 | Q19: February 2025 | R19: =IF(LOWER(TRIM($Q19)) = LOWER(TRIM(Dashboard!$A$6)), B19, "") | S19: =IF(LOWER(TRIM($Q19)) = LOWER(TRIM(Dashboard!$A$6)), C19, "") | T19: =IF(LOWER(TRIM(TEXT($Q19, "mmmm yyyy"))) = LOWER(TRIM(Dashboard!$A$6)), A19:A1000, "")
A20: 45696 | B20: 0 | C20: 70000 | E20: =IF(A20<>"", TEXT(A20, "mmmm yyyy"), "") -> February 2025 | Q20: February 2025 | R20: =IF(LOWER(TRIM($Q20)) = LOWER(TRIM(Dashboard!$A$6)), B20, "") | S20: =IF(LOWER(TRIM($Q20)) = LOWER(TRIM(Dashboard!$A$6)), C20, "") | T20: =IF(LOWER(TRIM(TEXT($Q20, "mmmm yyyy"))) = LOWER(TRIM(Dashboard!$A$6)), A20:A1000, "")
A21: 45698 | B21: 0 | C21: 250000 | E21: =IF(A21<>"", TEXT(A21, "mmmm yyyy"), "") -> February 2025 | Q21: February 2025 | R21: =IF(LOWER(TRIM($Q21)) = LOWER(TRIM(Dashboard!$A$6)), B21, "") | S21: =IF(LOWER(TRIM($Q21)) = LOWER(TRIM(Dashboard!$A$6)), C21, "") | T21: =IF(LOWER(TRIM(TEXT($Q21, "mmmm yyyy"))) = LOWER(TRIM(Dashboard!$A$6)), A21:A1000, "")
A22: 45702 | B22: 400000 | C22: 0 | E22: =IF(A22<>"", TEXT(A22, "mmmm yyyy"), "") -> February 2025 | Q22: February 2025 | R22: =IF(LOWER(TRIM($Q22)) = LOWER(TRIM(Dashboard!$A$6)), B22, "") | S22: =IF(LOWER(TRIM($Q22)) = LOWER(TRIM(Dashboard!$A$6)), C22, "") | T22: =IF(LOWER(TRIM(TEXT($Q22, "mmmm yyyy"))) = LOWER(TRIM(Dashboard!$A$6)), A22:A1000, "")
A23: 45703 | B23: 500000 | C23: 0 | E23: =IF(A23<>"", TEXT(A23, "mmmm yyyy"), "") -> February 2025 | Q23: February 2025 | R23: =IF(LOWER(TRIM($Q23)) = LOWER(TRIM(Dashboard!$A$6)), B23, "") | S23: =IF(LOWER(TRIM($Q23)) = LOWER(TRIM(Dashboard!$A$6)), C23, "") | T23: =IF(LOWER(TRIM(TEXT($Q23, "mmmm yyyy"))) = LOWER(TRIM(Dashboard!$A$6)), A23:A1000, "")
A24: 45711 | B24: 0 | C24: 950000 | E24: =IF(A24<>"", TEXT(A24, "mmmm yyyy"), "") -> February 2025 | Q24: February 2025 | R24: =IF(LOWER(TRIM($Q24)) = LOWER(TRIM(Dashboard!$A$6)), B24, "") | S24: =IF(LOWER(TRIM($Q24)) = LOWER(TRIM(Dashboard!$A$6)), C24, "") | T24: =IF(LOWER(TRIM(TEXT($Q24, "mmmm yyyy"))) = LOWER(TRIM(Dashboard!$A$6)), A24:A1000, "")
A25: 45732 | B25: 8000 | C25: 0 | E25: =IF(A25<>"", TEXT(A25, "mmmm yyyy"), "") -> March 2025 | Q25: March 2025 | R25: =IF(LOWER(TRIM($Q25)) = LOWER(TRIM(Dashboard!$A$6)), B25, "") | S25: =IF(LOWER(TRIM($Q25)) = LOWER(TRIM(Dashboard!$A$6)), C25, "") | T25: =IF(LOWER(TRIM(TEXT($Q25, "mmmm yyyy"))) = LOWER(TRIM(Dashboard!$A$6)), A25:A1000, "")
E26: =IF(A26<>"", TEXT(A26, "mmmm yyyy"), "") | R26: =IF(LOWER(TRIM($Q26)) = LOWER(TRIM(Dashboard!$A$6)), B26, "") | S26: =IF(LOWER(TRIM($Q26)) = LOWER(TRIM(Dashboard!$A$6)), C26, "") | T26: =IF(LOWER(TRIM(TEXT($Q26, "mmmm yyyy"))) = LOWER(TRIM(Dashboard!$A$6)), A26:A1000, "")
E27: =IF(A27<>"", TEXT(A27, "mmmm yyyy"), "") | R27: =IF(LOWER(TRIM($Q27)) = LOWER(TRIM(Dashboard!$A$6)), B27, "") | S27: =IF(LOWER(TRIM($Q27)) = LOWER(TRIM(Dashboard!$A$6)), C27, "") | T27: =IF(LOWER(TRIM(TEXT($Q27, "mmmm yyyy"))) = LOWER(TRIM(Dashboard!$A$6)), A27:A1000, "")
E28: =IF(A28<>"", TEXT(A28, "mmmm yyyy"), "") | R28: =IF(LOWER(TRIM($Q28)) = LOWER(TRIM(Dashboard!$A$6)), B28, "") | S28: =IF(LOWER(TRIM($Q28)) = LOWER(TRIM(Dashboard!$A$6)), C28, "") | T28: =IF(LOWER(TRIM(TEXT($Q28, "mmmm yyyy"))) = LOWER(TRIM(Dashboard!$A$6)), A28:A1000, "")
E29: =IF(A29<>"", TEXT(A29, "mmmm yyyy"), "") | R29: =IF(LOWER(TRIM($Q29)) = LOWER(TRIM(Dashboard!$A$6)), B29, "") | S29: =IF(LOWER(TRIM($Q29)) = LOWER(TRIM(Dashboard!$A$6)), C29, "") | T29: =IF(LOWER(TRIM(TEXT($Q29, "mmmm yyyy"))) = LOWER(TRIM(Dashboard!$A$6)), A29:A1000, "")
E30: =IF(A30<>"", TEXT(A30, "mmmm yyyy"), "") | R30: =IF(LOWER(TRIM($Q30)) = LOWER(TRIM(Dashboard!$A$6)), B30, "") | S30: =IF(LOWER(TRIM($Q30)) = LOWER(TRIM(Dashboard!$A$6)), C30, "") | T30: =IF(LOWER(TRIM(TEXT($Q30, "mmmm yyyy"))) = LOWER(TRIM(Dashboard!$A$6)), A30:A1000, "")
E31: =IF(A31<>"", TEXT(A31, "mmmm yyyy"), "") | R31: =IF(LOWER(TRIM($Q31)) = LOWER(TRIM(Dashboard!$A$6)), B31, "") | S31: =IF(LOWER(TRIM($Q31)) = LOWER(TRIM(Dashboard!$A$6)), C31, "") | T31: =IF(LOWER(TRIM(TEXT($Q31, "mmmm yyyy"))) = LOWER(TRIM(Dashboard!$A$6)), A31:A1000, "")
E32: =IF(A32<>"", TEXT(A32, "mmmm yyyy"), "") | R32: =IF(LOWER(TRIM($Q32)) = LOWER(TRIM(Dashboard!$A$6)), B32, "") | S32: =IF(LOWER(TRIM($Q32)) = LOWER(TRIM(Dashboard!$A$6)), C32, "") | T32: =IF(LOWER(TRIM(TEXT($Q32, "mmmm yyyy"))) = LOWER(TRIM(Dashboard!$A$6)), A32:A1000, "")
E33: =IF(A33<>"", TEXT(A33, "mmmm yyyy"), "") | R33: =IF(LOWER(TRIM($Q33)) = LOWER(TRIM(Dashboard!$A$6)), B33, "") | S33: =IF(LOWER(TRIM($Q33)) = LOWER(TRIM(Dashboard!$A$6)), C33, "") | T33: =IF(LOWER(TRIM(TEXT($Q33, "mmmm yyyy"))) = LOWER(TRIM(Dashboard!$A$6)), A33:A1000, "")
E34: =IF(A34<>"", TEXT(A34, "mmmm yyyy"), "") | R34: =IF(LOWER(TRIM($Q34)) = LOWER(TRIM(Dashboard!$A$6)), B34, "") | S34: =IF(LOWER(TRIM($Q34)) = LOWER(TRIM(Dashboard!$A$6)), C34, "") | T34: =IF(LOWER(TRIM(TEXT($Q34, "mmmm yyyy"))) = LOWER(TRIM(Dashboard!$A$6)), A34:A1000, "")
E35: =IF(A35<>"", TEXT(A35, "mmmm yyyy"), "") | R35: =IF(LOWER(TRIM($Q35)) = LOWER(TRIM(Dashboard!$A$6)), B35, "") | S35: =IF(LOWER(TRIM($Q35)) = LOWER(TRIM(Dashboard!$A$6)), C35, "") | T35: =IF(LOWER(TRIM(TEXT($Q35, "mmmm yyyy"))) = LOWER(TRIM(Dashboard!$A$6)), A35:A1000, "")
E36: =IF(A36<>"", TEXT(A36, "mmmm yyyy"), "") | R36: =IF(LOWER(TRIM($Q36)) = LOWER(TRIM(Dashboard!$A$6)), B36, "") | S36: =IF(LOWER(TRIM($Q36)) = LOWER(TRIM(Dashboard!$A$6)), C36, "") | T36: =IF(LOWER(TRIM(TEXT($Q36, "mmmm yyyy"))) = LOWER(TRIM(Dashboard!$A$6)), A36:A1000, "")
E37: =IF(A37<>"", TEXT(A37, "mmmm yyyy"), "") | R37: =IF(LOWER(TRIM($Q37)) = LOWER(TRIM(Dashboard!$A$6)), B37, "") | S37: =IF(LOWER(TRIM($Q37)) = LOWER(TRIM(Dashboard!$A$6)), C37, "") | T37: =IF(LOWER(TRIM(TEXT($Q37, "mmmm yyyy"))) = LOWER(TRIM(Dashboard!$A$6)), A37:A1000, "")
E38: =IF(A38<>"", TEXT(A38, "mmmm yyyy"), "") | R38: =IF(LOWER(TRIM($Q38)) = LOWER(TRIM(Dashboard!$A$6)), B38, "") | S38: =IF(LOWER(TRIM($Q38)) = LOWER(TRIM(Dashboard!$A$6)), C38, "") | T38: =IF(LOWER(TRIM(TEXT($Q38, "mmmm yyyy"))) = LOWER(TRIM(Dashboard!$A$6)), A38:A1000, "")
E39: =IF(A39<>"", TEXT(A39, "mmmm yyyy"), "") | R39: =IF(LOWER(TRIM($Q39)) = LOWER(TRIM(Dashboard!$A$6)), B39, "") | S39: =IF(LOWER(TRIM($Q39)) = LOWER(TRIM(Dashboard!$A$6)), C39, "") | T39: =IF(LOWER(TRIM(TEXT($Q39, "mmmm yyyy"))) = LOWER(TRIM(Dashboard!$A$6)), A39:A1000, "")
E40: =IF(A40<>"", TEXT(A40, "mmmm yyyy"), "") | R40: =IF(LOWER(TRIM($Q40)) = LOWER(TRIM(Dashboard!$A$6)), B40, "") | S40: =IF(LOWER(TRIM($Q40)) = LOWER(TRIM(Dashboard!$A$6)), C40, "") | T40: =IF(LOWER(TRIM(TEXT($Q40, "mmmm yyyy"))) = LOWER(TRIM(Dashboard!$A$6)), A40:A1000, "")
E41: =IF(A41<>"", TEXT(A41, "mmmm yyyy"), "") | R41: =IF(LOWER(TRIM($Q41)) = LOWER(TRIM(Dashboard!$A$6)), B41, "") | S41: =IF(LOWER(TRIM($Q41)) = LOWER(TRIM(Dashboard!$A$6)), C41, "") | T41: =IF(LOWER(TRIM(TEXT($Q41, "mmmm yyyy"))) = LOWER(TRIM(Dashboard!$A$6)), A41:A1000, "")
E42: =IF(A42<>"", TEXT(A42, "mmmm yyyy"), "") | R42: =IF(LOWER(TRIM($Q42)) = LOWER(TRIM(Dashboard!$A$6)), B42, "") | S42: =IF(LOWER(TRIM($Q42)) = LOWER(TRIM(Dashboard!$A$6)), C42, "") | T42: =IF(LOWER(TRIM(TEXT($Q42, "mmmm yyyy"))) = LOWER(TRIM(Dashboard!$A$6)), A42:A1000, "")
E43: =IF(A43<>"", TEXT(A43, "mmmm yyyy"), "") | R43: =IF(LOWER(TRIM($Q43)) = LOWER(TRIM(Dashboard!$A$6)), B43, "") | S43: =IF(LOWER(TRIM($Q43)) = LOWER(TRIM(Dashboard!$A$6)), C43, "") | T43: =IF(LOWER(TRIM(TEXT($Q43, "mmmm yyyy"))) = LOWER(TRIM(Dashboard!$A$6)), A43:A1000, "")
E44: =IF(A44<>"", TEXT(A44, "mmmm yyyy"), "") | R44: =IF(LOWER(TRIM($Q44)) = LOWER(TRIM(Dashboard!$A$6)), B44, "") | S44: =IF(LOWER(TRIM($Q44)) = LOWER(TRIM(Dashboard!$A$6)), C44, "") | T44: =IF(LOWER(TRIM(TEXT($Q44, "mmmm yyyy"))) = LOWER(TRIM(Dashboard!$A$6)), A44:A1000, "")
E45: =IF(A45<>"", TEXT(A45, "mmmm yyyy"), "") | R45: =IF(LOWER(TRIM($Q45)) = LOWER(TRIM(Dashboard!$A$6)), B45, "") | S45: =IF(LOWER(TRIM($Q45)) = LOWER(TRIM(Dashboard!$A$6)), C45, "") | T45: =IF(LOWER(TRIM(TEXT($Q45, "mmmm yyyy"))) = LOWER(TRIM(Dashboard!$A$6)), A45:A1000, "")
E46: =IF(A46<>"", TEXT(A46, "mmmm yyyy"), "") | R46: =IF(LOWER(TRIM($Q46)) = LOWER(TRIM(Dashboard!$A$6)), B46, "") | S46: =IF(LOWER(TRIM($Q46)) = LOWER(TRIM(Dashboard!$A$6)), C46, "") | T46: =IF(LOWER(TRIM(TEXT($Q46, "mmmm yyyy"))) = LOWER(TRIM(Dashboard!$A$6)), A46:A1000, "")
E47: =IF(A47<>"", TEXT(A47, "mmmm yyyy"), "") | R47: =IF(LOWER(TRIM($Q47)) = LOWER(TRIM(Dashboard!$A$6)), B47, "") | S47: =IF(LOWER(TRIM($Q47)) = LOWER(TRIM(Dashboard!$A$6)), C47, "") | T47: =IF(LOWER(TRIM(TEXT($Q47, "mmmm yyyy"))) = LOWER(TRIM(Dashboard!$A$6)), A47:A1000, "")
E48: =IF(A48<>"", TEXT(A48, "mmmm yyyy"), "") | R48: =IF(LOWER(TRIM($Q48)) = LOWER(TRIM(Dashboard!$A$6)), B48, "") | S48: =IF(LOWER(TRIM($Q48)) = LOWER(TRIM(Dashboard!$A$6)), C48, "") | T48: =IF(LOWER(TRIM(TEXT($Q48, "mmmm yyyy"))) = LOWER(TRIM(Dashboard!$A$6)), A48:A1000, "")
E49: =IF(A49<>"", TEXT(A49, "mmmm yyyy"), "") | R49: =IF(LOWER(TRIM($Q49)) = LOWER(TRIM(Dashboard!$A$6)), B49, "") | S49: =IF(LOWER(TRIM($Q49)) = LOWER(TRIM(Dashboard!$A$6)), C49, "") | T49: =IF(LOWER(TRIM(TEXT($Q49, "mmmm yyyy"))) = LOWER(TRIM(Dashboard!$A$6)), A49:A1000, "")
E50: =IF(A50<>"", TEXT(A50, "mmmm yyyy"), "") | R50: =IF(LOWER(TRIM($Q50)) = LOWER(TRIM(Dashboard!$A$6)), B50, "") | S50: =IF(LOWER(TRIM($Q50)) = LOWER(TRIM(Dashboard!$A$6)), C50, "") | T50: =IF(LOWER(TRIM(TEXT($Q50, "mmmm yyyy"))) = LOWER(TRIM(Dashboard!$A$6)), A50:A1000, "")
E51: =IF(A51<>"", TEXT(A51, "mmmm yyyy"), "") | R51: =IF(LOWER(TRIM($Q51)) = LOWER(TRIM(Dashboard!$A$6)), B51, "") | S51: =IF(LOWER(TRIM($Q51)) = LOWER(TRIM(Dashboard!$A$6)), C51, "") | T51: =IF(LOWER(TRIM(TEXT($Q51, "mmmm yyyy"))) = LOWER(TRIM(Dashboard!$A$6)), A51:A1000, "")
E52: =IF(A52<>"", TEXT(A52, "mmmm yyyy"), "") | R52: =IF(LOWER(TRIM($Q52)) = LOWER(TRIM(Dashboard!$A$6)), B52, "") | S52: =IF(LOWER(TRIM($Q52)) = LOWER(TRIM(Dashboard!$A$6)), C52, "") | T52: =IF(LOWER(TRIM(TEXT($Q52, "mmmm yyyy"))) = LOWER(TRIM(Dashboard!$A$6)), A52:A1000, "")
E53: =IF(A53<>"", TEXT(A53, "mmmm yyyy"), "") | R53: =IF(LOWER(TRIM($Q53)) = LOWER(TRIM(Dashboard!$A$6)), B53, "") | S53: =IF(LOWER(TRIM($Q53)) = LOWER(TRIM(Dashboard!$A$6)), C53, "") | T53: =IF(LOWER(TRIM(TEXT($Q53, "mmmm yyyy"))) = LOWER(TRIM(Dashboard!$A$6)), A53:A1000, "")
E54: =IF(A54<>"", TEXT(A54, "mmmm yyyy"), "") | R54: =IF(LOWER(TRIM($Q54)) = LOWER(TRIM(Dashboard!$A$6)), B54, "") | S54: =IF(LOWER(TRIM($Q54)) = LOWER(TRIM(Dashboard!$A$6)), C54, "") | T54: =IF(LOWER(TRIM(TEXT($Q54, "mmmm yyyy"))) = LOWER(TRIM(Dashboard!$A$6)), A54:A1000, "")
E55: =IF(A55<>"", TEXT(A55, "mmmm yyyy"), "") | R55: =IF(LOWER(TRIM($Q55)) = LOWER(TRIM(Dashboard!$A$6)), B55, "") | S55: =IF(LOWER(TRIM($Q55)) = LOWER(TRIM(Dashboard!$A$6)), C55, "") | T55: =IF(LOWER(TRIM(TEXT($Q55, "mmmm yyyy"))) = LOWER(TRIM(Dashboard!$A$6)), A55:A1000, "")
E56: =IF(A56<>"", TEXT(A56, "mmmm yyyy"), "") | R56: =IF(LOWER(TRIM($Q56)) = LOWER(TRIM(Dashboard!$A$6)), B56, "") | S56: =IF(LOWER(TRIM($Q56)) = LOWER(TRIM(Dashboard!$A$6)), C56, "") | T56: =IF(LOWER(TRIM(TEXT($Q56, "mmmm yyyy"))) = LOWER(TRIM(Dashboard!$A$6)), A56:A1000, "")
E57: =IF(A57<>"", TEXT(A57, "mmmm yyyy"), "") | R57: =IF(LOWER(TRIM($Q57)) = LOWER(TRIM(Dashboard!$A$6)), B57, "") | S57: =IF(LOWER(TRIM($Q57)) = LOWER(TRIM(Dashboard!$A$6)), C57, "") | T57: =IF(LOWER(TRIM(TEXT($Q57, "mmmm yyyy"))) = LOWER(TRIM(Dashboard!$A$6)), A57:A1000, "")
E58: =IF(A58<>"", TEXT(A58, "mmmm yyyy"), "") | R58: =IF(LOWER(TRIM($Q58)) = LOWER(TRIM(Dashboard!$A$6)), B58, "") | S58: =IF(LOWER(TRIM($Q58)) = LOWER(TRIM(Dashboard!$A$6)), C58, "") | T58: =IF(LOWER(TRIM(TEXT($Q58, "mmmm yyyy"))) = LOWER(TRIM(Dashboard!$A$6)), A58:A1000, "")
E59: =IF(A59<>"", TEXT(A59, "mmmm yyyy"), "") | R59: =IF(LOWER(TRIM($Q59)) = LOWER(TRIM(Dashboard!$A$6)), B59, "") | S59: =IF(LOWER(TRIM($Q59)) = LOWER(TRIM(Dashboard!$A$6)), C59, "") | T59: =IF(LOWER(TRIM(TEXT($Q59, "mmmm yyyy"))) = LOWER(TRIM(Dashboard!$A$6)), A59:A1000, "")
E60: =IF(A60<>"", TEXT(A60, "mmmm yyyy"), "") | R60: =IF(LOWER(TRIM($Q60)) = LOWER(TRIM(Dashboard!$A$6)), B60, "") | S60: =IF(LOWER(TRIM($Q60)) = LOWER(TRIM(Dashboard!$A$6)), C60, "") | T60: =IF(LOWER(TRIM(TEXT($Q60, "mmmm yyyy"))) = LOWER(TRIM(Dashboard!$A$6)), A60:A1000, "")
E61: =IF(A61<>"", TEXT(A61, "mmmm yyyy"), "") | R61: =IF(LOWER(TRIM($Q61)) = LOWER(TRIM(Dashboard!$A$6)), B61, "") | S61: =IF(LOWER(TRIM($Q61)) = LOWER(TRIM(Dashboard!$A$6)), C61, "") | T61: =IF(LOWER(TRIM(TEXT($Q61, "mmmm yyyy"))) = LOWER(TRIM(Dashboard!$A$6)), A61:A1000, "")
E62: =IF(A62<>"", TEXT(A62, "mmmm yyyy"), "") | R62: =IF(LOWER(TRIM($Q62)) = LOWER(TRIM(Dashboard!$A$6)), B62, "") | S62: =IF(LOWER(TRIM($Q62)) = LOWER(TRIM(Dashboard!$A$6)), C62, "") | T62: =IF(LOWER(TRIM(TEXT($Q62, "mmmm yyyy"))) = LOWER(TRIM(Dashboard!$A$6)), A62:A1000, "")
E63: =IF(A63<>"", TEXT(A63, "mmmm yyyy"), "") | R63: =IF(LOWER(TRIM($Q63)) = LOWER(TRIM(Dashboard!$A$6)), B63, "") | S63: =IF(LOWER(TRIM($Q63)) = LOWER(TRIM(Dashboard!$A$6)), C63, "") | T63: =IF(LOWER(TRIM(TEXT($Q63, "mmmm yyyy"))) = LOWER(TRIM(Dashboard!$A$6)), A63:A1000, "")
E64: =IF(A64<>"", TEXT(A64, "mmmm yyyy"), "") | R64: =IF(LOWER(TRIM($Q64)) = LOWER(TRIM(Dashboard!$A$6)), B64, "") | S64: =IF(LOWER(TRIM($Q64)) = LOWER(TRIM(Dashboard!$A$6)), C64, "") | T64: =IF(LOWER(TRIM(TEXT($Q64, "mmmm yyyy"))) = LOWER(TRIM(Dashboard!$A$6)), A64:A1000, "")
E65: =IF(A65<>"", TEXT(A65, "mmmm yyyy"), "") | R65: =IF(LOWER(TRIM($Q65)) = LOWER(TRIM(Dashboard!$A$6)), B65, "") | S65: =IF(LOWER(TRIM($Q65)) = LOWER(TRIM(Dashboard!$A$6)), C65, "") | T65: =IF(LOWER(TRIM(TEXT($Q65, "mmmm yyyy"))) = LOWER(TRIM(Dashboard!$A$6)), A65:A1000, "")
E66: =IF(A66<>"", TEXT(A66, "mmmm yyyy"), "") | R66: =IF(LOWER(TRIM($Q66)) = LOWER(TRIM(Dashboard!$A$6)), B66, "") | S66: =IF(LOWER(TRIM($Q66)) = LOWER(TRIM(Dashboard!$A$6)), C66, "") | T66: =IF(LOWER(TRIM(TEXT($Q66, "mmmm yyyy"))) = LOWER(TRIM(Dashboard!$A$6)), A66:A1000, "")
E67: =IF(A67<>"", TEXT(A67, "mmmm yyyy"), "") | R67: =IF(LOWER(TRIM($Q67)) = LOWER(TRIM(Dashboard!$A$6)), B67, "") | S67: =IF(LOWER(TRIM($Q67)) = LOWER(TRIM(Dashboard!$A$6)), C67, "") | T67: =IF(LOWER(TRIM(TEXT($Q67, "mmmm yyyy"))) = LOWER(TRIM(Dashboard!$A$6)), A67:A1000, "")
E68: =IF(A68<>"", TEXT(A68, "mmmm yyyy"), "") | R68: =IF(LOWER(TRIM($Q68)) = LOWER(TRIM(Dashboard!$A$6)), B68, "") | S68: =IF(LOWER(TRIM($Q68)) = LOWER(TRIM(Dashboard!$A$6)), C68, "") | T68: =IF(LOWER(TRIM(TEXT($Q68, "mmmm yyyy"))) = LOWER(TRIM(Dashboard!$A$6)), A68:A1000, "")
E69: =IF(A69<>"", TEXT(A69, "mmmm yyyy"), "") | R69: =IF(LOWER(TRIM($Q69)) = LOWER(TRIM(Dashboard!$A$6)), B69, "") | S69: =IF(LOWER(TRIM($Q69)) = LOWER(TRIM(Dashboard!$A$6)), C69, "") | T69: =IF(LOWER(TRIM(TEXT($Q69, "mmmm yyyy"))) = LOWER(TRIM(Dashboard!$A$6)), A69:A1000, "")
E70: =IF(A70<>"", TEXT(A70, "mmmm yyyy"), "") | R70: =IF(LOWER(TRIM($Q70)) = LOWER(TRIM(Dashboard!$A$6)), B70, "") | S70: =IF(LOWER(TRIM($Q70)) = LOWER(TRIM(Dashboard!$A$6)), C70, "") | T70: =IF(LOWER(TRIM(TEXT($Q70, "mmmm yyyy"))) = LOWER(TRIM(Dashboard!$A$6)), A70:A1000, "")
E71: =IF(A71<>"", TEXT(A71, "mmmm yyyy"), "") | R71: =IF(LOWER(TRIM($Q71)) = LOWER(TRIM(Dashboard!$A$6)), B71, "") | S71: =IF(LOWER(TRIM($Q71)) = LOWER(TRIM(Dashboard!$A$6)), C71, "") | T71: =IF(LOWER(TRIM(TEXT($Q71, "mmmm yyyy"))) = LOWER(TRIM(Dashboard!$A$6)), A71:A1000, "")
E72: =IF(A72<>"", TEXT(A72, "mmmm yyyy"), "") | R72: =IF(LOWER(TRIM($Q72)) = LOWER(TRIM(Dashboard!$A$6)), B72, "") | S72: =IF(LOWER(TRIM($Q72)) = LOWER(TRIM(Dashboard!$A$6)), C72, "") | T72: =IF(LOWER(TRIM(TEXT($Q72, "mmmm yyyy"))) = LOWER(TRIM(Dashboard!$A$6)), A72:A1000, "")
E73: =IF(A73<>"", TEXT(A73, "mmmm yyyy"), "") | R73: =IF(LOWER(TRIM($Q73)) = LOWER(TRIM(Dashboard!$A$6)), B73, "") | S73: =IF(LOWER(TRIM($Q73)) = LOWER(TRIM(Dashboard!$A$6)), C73, "") | T73: =IF(LOWER(TRIM(TEXT($Q73, "mmmm yyyy"))) = LOWER(TRIM(Dashboard!$A$6)), A73:A1000, "")
E74: =IF(A74<>"", TEXT(A74, "mmmm yyyy"), "") | R74: =IF(LOWER(TRIM($Q74)) = LOWER(TRIM(Dashboard!$A$6)), B74, "") | S74: =IF(LOWER(TRIM($Q74)) = LOWER(TRIM(Dashboard!$A$6)), C74, "") | T74: =IF(LOWER(TRIM(TEXT($Q74, "mmmm yyyy"))) = LOWER(TRIM(Dashboard!$A$6)), A74:A1000, "")
E75: =IF(A75<>"", TEXT(A75, "mmmm yyyy"), "") | R75: =IF(LOWER(TRIM($Q75)) = LOWER(TRIM(Dashboard!$A$6)), B75, "") | S75: =IF(LOWER(TRIM($Q75)) = LOWER(TRIM(Dashboard!$A$6)), C75, "") | T75: =IF(LOWER(TRIM(TEXT($Q75, "mmmm yyyy"))) = LOWER(TRIM(Dashboard!$A$6)), A75:A1000, "")
E76: =IF(A76<>"", TEXT(A76, "mmmm yyyy"), "") | R76: =IF(LOWER(TRIM($Q76)) = LOWER(TRIM(Dashboard!$A$6)), B76, "") | S76: =IF(LOWER(TRIM($Q76)) = LOWER(TRIM(Dashboard!$A$6)), C76, "") | T76: =IF(LOWER(TRIM(TEXT($Q76, "mmmm yyyy"))) = LOWER(TRIM(Dashboard!$A$6)), A76:A1000, "")
E77: =IF(A77<>"", TEXT(A77, "mmmm yyyy"), "") | R77: =IF(LOWER(TRIM($Q77)) = LOWER(TRIM(Dashboard!$A$6)), B77, "") | S77: =IF(LOWER(TRIM($Q77)) = LOWER(TRIM(Dashboard!$A$6)), C77, "") | T77: =IF(LOWER(TRIM(TEXT($Q77, "mmmm yyyy"))) = LOWER(TRIM(Dashboard!$A$6)), A77:A1000, "")
E78: =IF(A78<>"", TEXT(A78, "mmmm yyyy"), "") | R78: =IF(LOWER(TRIM($Q78)) = LOWER(TRIM(Dashboard!$A$6)), B78, "") | S78: =IF(LOWER(TRIM($Q78)) = LOWER(TRIM(Dashboard!$A$6)), C78, "") | T78: =IF(LOWER(TRIM(TEXT($Q78, "mmmm yyyy"))) = LOWER(TRIM(Dashboard!$A$6)), A78:A1000, "")
E79: =IF(A79<>"", TEXT(A79, "mmmm yyyy"), "") | R79: =IF(LOWER(TRIM($Q79)) = LOWER(TRIM(Dashboard!$A$6)), B79, "") | S79: =IF(LOWER(TRIM($Q79)) = LOWER(TRIM(Dashboard!$A$6)), C79, "") | T79: =IF(LOWER(TRIM(TEXT($Q79, "mmmm yyyy"))) = LOWER(TRIM(Dashboard!$A$6)), A79:A1000, "")
E80: =IF(A80<>"", TEXT(A80, "mmmm yyyy"), "") | R80: =IF(LOWER(TRIM($Q80)) = LOWER(TRIM(Dashboard!$A$6)), B80, "") | S80: =IF(LOWER(TRIM($Q80)) = LOWER(TRIM(Dashboard!$A$6)), C80, "") | T80: =IF(LOWER(TRIM(TEXT($Q80, "mmmm yyyy"))) = LOWER(TRIM(Dashboard!$A$6)), A80:A1000, "")
E81: =IF(A81<>"", TEXT(A81, "mmmm yyyy"), "") | R81: =IF(LOWER(TRIM($Q81)) = LOWER(TRIM(Dashboard!$A$6)), B81, "") | S81: =IF(LOWER(TRIM($Q81)) = LOWER(TRIM(Dashboard!$A$6)), C81, "") | T81: =IF(LOWER(TRIM(TEXT($Q81, "mmmm yyyy"))) = LOWER(TRIM(Dashboard!$A$6)), A81:A1000, "")
E82: =IF(A82<>"", TEXT(A82, "mmmm yyyy"), "") | R82: =IF(LOWER(TRIM($Q82)) = LOWER(TRIM(Dashboard!$A$6)), B82, "") | S82: =IF(LOWER(TRIM($Q82)) = LOWER(TRIM(Dashboard!$A$6)), C82, "") | T82: =IF(LOWER(TRIM(TEXT($Q82, "mmmm yyyy"))) = LOWER(TRIM(Dashboard!$A$6)), A82:A1000, "")
E83: =IF(A83<>"", TEXT(A83, "mmmm yyyy"), "") | R83: =IF(LOWER(TRIM($Q83)) = LOWER(TRIM(Dashboard!$A$6)), B83, "") | S83: =IF(LOWER(TRIM($Q83)) = LOWER(TRIM(Dashboard!$A$6)), C83, "") | T83: =IF(LOWER(TRIM(TEXT($Q83, "mmmm yyyy"))) = LOWER(TRIM(Dashboard!$A$6)), A83:A1000, "")
E84: =IF(A84<>"", TEXT(A84, "mmmm yyyy"), "") | R84: =IF(LOWER(TRIM($Q84)) = LOWER(TRIM(Dashboard!$A$6)), B84, "") | S84: =IF(LOWER(TRIM($Q84)) = LOWER(TRIM(Dashboard!$A$6)), C84, "") | T84: =IF(LOWER(TRIM(TEXT($Q84, "mmmm yyyy"))) = LOWER(TRIM(Dashboard!$A$6)), A84:A1000, "")
E85: =IF(A85<>"", TEXT(A85, "mmmm yyyy"), "") | R85: =IF(LOWER(TRIM($Q85)) = LOWER(TRIM(Dashboard!$A$6)), B85, "") | S85: =IF(LOWER(TRIM($Q85)) = LOWER(TRIM(Dashboard!$A$6)), C85, "") | T85: =IF(LOWER(TRIM(TEXT($Q85, "mmmm yyyy"))) = LOWER(TRIM(Dashboard!$A$6)), A85:A1000, "")
E86: =IF(A86<>"", TEXT(A86, "mmmm yyyy"), "") | R86: =IF(LOWER(TRIM($Q86)) = LOWER(TRIM(Dashboard!$A$6)), B86, "") | S86: =IF(LOWER(TRIM($Q86)) = LOWER(TRIM(Dashboard!$A$6)), C86, "") | T86: =IF(LOWER(TRIM(TEXT($Q86, "mmmm yyyy"))) = LOWER(TRIM(Dashboard!$A$6)), A86:A1000, "")
E87: =IF(A87<>"", TEXT(A87, "mmmm yyyy"), "") | R87: =IF(LOWER(TRIM($Q87)) = LOWER(TRIM(Dashboard!$A$6)), B87, "") | S87: =IF(LOWER(TRIM($Q87)) = LOWER(TRIM(Dashboard!$A$6)), C87, "") | T87: =IF(LOWER(TRIM(TEXT($Q87, "mmmm yyyy"))) = LOWER(TRIM(Dashboard!$A$6)), A87:A1000, "")
E88: =IF(A88<>"", TEXT(A88, "mmmm yyyy"), "") | R88: =IF(LOWER(TRIM($Q88)) = LOWER(TRIM(Dashboard!$A$6)), B88, "") | S88: =IF(LOWER(TRIM($Q88)) = LOWER(TRIM(Dashboard!$A$6)), C88, "") | T88: =IF(LOWER(TRIM(TEXT($Q88, "mmmm yyyy"))) = LOWER(TRIM(Dashboard!$A$6)), A88:A1000, "")
E89: =IF(A89<>"", TEXT(A89, "mmmm yyyy"), "") | R89: =IF(LOWER(TRIM($Q89)) = LOWER(TRIM(Dashboard!$A$6)), B89, "") | S89: =IF(LOWER(TRIM($Q89)) = LOWER(TRIM(Dashboard!$A$6)), C89, "") | T89: =IF(LOWER(TRIM(TEXT($Q89, "mmmm yyyy"))) = LOWER(TRIM(Dashboard!$A$6)), A89:A1000, "")
E90: =IF(A90<>"", TEXT(A90, "mmmm yyyy"), "") | R90: =IF(LOWER(TRIM($Q90)) = LOWER(TRIM(Dashboard!$A$6)), B90, "") | S90: =IF(LOWER(TRIM($Q90)) = LOWER(TRIM(Dashboard!$A$6)), C90, "") | T90: =IF(LOWER(TRIM(TEXT($Q90, "mmmm yyyy"))) = LOWER(TRIM(Dashboard!$A$6)), A90:A1000, "")
E91: =IF(A91<>"", TEXT(A91, "mmmm yyyy"), "") | R91: =IF(LOWER(TRIM($Q91)) = LOWER(TRIM(Dashboard!$A$6)), B91, "") | S91: =IF(LOWER(TRIM($Q91)) = LOWER(TRIM(Dashboard!$A$6)), C91, "") | T91: =IF(LOWER(TRIM(TEXT($Q91, "mmmm yyyy"))) = LOWER(TRIM(Dashboard!$A$6)), A91:A1000, "")
E92: =IF(A92<>"", TEXT(A92, "mmmm yyyy"), "") | R92: =IF(LOWER(TRIM($Q92)) = LOWER(TRIM(Dashboard!$A$6)), B92, "") | S92: =IF(LOWER(TRIM($Q92)) = LOWER(TRIM(Dashboard!$A$6)), C92, "") | T92: =IF(LOWER(TRIM(TEXT($Q92, "mmmm yyyy"))) = LOWER(TRIM(Dashboard!$A$6)), A92:A1000, "")
E93: =IF(A93<>"", TEXT(A93, "mmmm yyyy"), "") | R93: =IF(LOWER(TRIM($Q93)) = LOWER(TRIM(Dashboard!$A$6)), B93, "") | S93: =IF(LOWER(TRIM($Q93)) = LOWER(TRIM(Dashboard!$A$6)), C93, "") | T93: =IF(LOWER(TRIM(TEXT($Q93, "mmmm yyyy"))) = LOWER(TRIM(Dashboard!$A$6)), A93:A1000, "")
E94: =IF(A94<>"", TEXT(A94, "mmmm yyyy"), "") | R94: =IF(LOWER(TRIM($Q94)) = LOWER(TRIM(Dashboard!$A$6)), B94, "") | S94: =IF(LOWER(TRIM($Q94)) = LOWER(TRIM(Dashboard!$A$6)), C94, "") | T94: =IF(LOWER(TRIM(TEXT($Q94, "mmmm yyyy"))) = LOWER(TRIM(Dashboard!$A$6)), A94:A1000, "")
E95: =IF(A95<>"", TEXT(A95, "mmmm yyyy"), "") | R95: =IF(LOWER(TRIM($Q95)) = LOWER(TRIM(Dashboard!$A$6)), B95, "") | S95: =IF(LOWER(TRIM($Q95)) = LOWER(TRIM(Dashboard!$A$6)), C95, "") | T95: =IF(LOWER(TRIM(TEXT($Q95, "mmmm yyyy"))) = LOWER(TRIM(Dashboard!$A$6)), A95:A1000, "")
E96: =IF(A96<>"", TEXT(A96, "mmmm yyyy"), "") | R96: =IF(LOWER(TRIM($Q96)) = LOWER(TRIM(Dashboard!$A$6)), B96, "") | S96: =IF(LOWER(TRIM($Q96)) = LOWER(TRIM(Dashboard!$A$6)), C96, "") | T96: =IF(LOWER(TRIM(TEXT($Q96, "mmmm yyyy"))) = LOWER(TRIM(Dashboard!$A$6)), A96:A1000, "")
E97: =IF(A97<>"", TEXT(A97, "mmmm yyyy"), "") | R97: =IF(LOWER(TRIM($Q97)) = LOWER(TRIM(Dashboard!$A$6)), B97, "") | S97: =IF(LOWER(TRIM($Q97)) = LOWER(TRIM(Dashboard!$A$6)), C97, "") | T97: =IF(LOWER(TRIM(TEXT($Q97, "mmmm yyyy"))) = LOWER(TRIM(Dashboard!$A$6)), A97:A1000, "")
E98: =IF(A98<>"", TEXT(A98, "mmmm yyyy"), "") | R98: =IF(LOWER(TRIM($Q98)) = LOWER(TRIM(Dashboard!$A$6)), B98, "") | S98: =IF(LOWER(TRIM($Q98)) = LOWER(TRIM(Dashboard!$A$6)), C98, "") | T98: =IF(LOWER(TRIM(TEXT($Q98, "mmmm yyyy"))) = LOWER(TRIM(Dashboard!$A$6)), A98:A1000, "")
E99: =IF(A99<>"", TEXT(A99, "mmmm yyyy"), "") | R99: =IF(LOWER(TRIM($Q99)) = LOWER(TRIM(Dashboard!$A$6)), B99, "") | S99: =IF(LOWER(TRIM($Q99)) = LOWER(TRIM(Dashboard!$A$6)), C99, "") | T99: =IF(LOWER(TRIM(TEXT($Q99, "mmmm yyyy"))) = LOWER(TRIM(Dashboard!$A$6)), A99:A1000, "")
E100: =IF(A100<>"", TEXT(A100, "mmmm yyyy"), "") | R100: =IF(LOWER(TRIM($Q100)) = LOWER(TRIM(Dashboard!$A$6)), B100, "") | S100: =IF(LOWER(TRIM($Q100)) = LOWER(TRIM(Dashboard!$A$6)), C100, "") | T100: =IF(LOWER(TRIM(TEXT($Q100, "mmmm yyyy"))) = LOWER(TRIM(Dashboard!$A$6)), A100:A1000, "")
...
